"delay","terminal","airline","capacity","temperature","rain","wind_gust","wind_direct"
48.59,"3","Air1",275,19.79,"no",0.52,63
102.93,"1","Air3",275,26.62,"yes",3.95,268.5
141.9,"2","Air2",275,8.7,"yes",5.16,239.3
50.59,"1","Air2",80,13.88,"yes",3.36,2.1
26.71,"1","Air1",225,13.88,"no",3.21,208.5
34.31,"2","Air3",200,17.02,"yes",2.13,55.1
88.81,"3","Air4",225,12.17,"no",6.15,256.6
198.37,"3","Air2",400,15.75,"no",1.06,203.2
67.47,"3","Air1",250,21.87,"yes",1.92,79.2
34.65,"2","Air1",200,16.6,"yes",1.68,33.2
202.8,"1","Air4",400,23.17,"yes",5.19,279.2
183.91,"2","Air2",325,18.04,"yes",4.45,233.8
86.33,"1","Air1",250,24.05,"yes",2.43,37.9
56.03,"3","Air2",120,11.72,"yes",2.98,54.6
195.89,"3","Air2",300,25.43,"no",3.52,233
121.82,"1","Air4",300,10.56,"yes",4.09,237
213.45,"1","Air2",400,12,"yes",4.23,201.2
107.52,"1","Air2",225,14.04,"no",3.13,54.9
64.64,"3","Air1",250,20.04,"yes",5.39,217
49.27,"2","Air3",200,21.88,"yes",2.7,305.3
125.71,"2","Air2",250,17.43,"no",3.89,258
142.42,"2","Air4",400,5.39,"no",3.11,18.8
141.88,"1","Air2",225,21.83,"no",2.16,40
66.08,"2","Air4",80,19.25,"yes",1.61,53.6
62.45,"2","Air1",160,-2.75,"yes",1.6,76.7
24.14,"2","Air1",225,16.68,"no",0.9,78
150.78,"3","Air4",400,11.97,"yes",1.41,18.6
102.85,"2","Air4",250,17.7,"no",2.84,48.7
41.73,"2","Air4",60,15.89,"no",6.09,264.4
205.13,"3","Air2",400,4.88,"yes",1.83,42.9
31.72,"2","Air1",100,21.83,"no",0.32,78.3
182.85,"2","Air2",350,3.74,"yes",2.95,22.6
56.22,"2","Air3",300,19.4,"yes",2.45,28.2
84.12,"1","Air3",400,21.27,"yes",3.78,345.5
65.43,"3","Air3",250,21.79,"yes",3.63,23.1
204.6,"1","Air2",225,29.94,"no",1.92,79.5
170.71,"1","Air2",325,12.38,"yes",3.38,193.7
101.9,"2","Air1",325,26.21,"yes",3.62,18.3
12.93,"2","Air3",80,15.52,"yes",1.28,139.2
172.47,"2","Air2",300,22.35,"no",0.28,69
34.02,"1","Air3",80,17.6,"yes",0.92,71
178.12,"1","Air2",350,14.49,"no",5.2,248.5
78.94,"1","Air4",200,11.16,"no",2.23,30.1
208.06,"2","Air2",325,24.65,"yes",1.89,71.8
107.65,"1","Air2",225,10.84,"no",5.16,318.7
51.44,"1","Air3",400,13.44,"no",5.2,212.2
87.41,"2","Air4",275,10.18,"no",0.62,57
54.23,"2","Air2",60,22.61,"no",1.9,86.4
22.88,"3","Air3",250,12.35,"no",4.4,224.3
16.33,"3","Air2",60,8.68,"no",3.4,84.1
34.47,"2","Air3",325,11.66,"yes",1.03,56.2
21.34,"3","Air3",180,13.83,"yes",1.49,66.8
33.44,"1","Air3",250,15.8,"no",4.48,12.9
38.14,"2","Air1",300,8.59,"yes",2.96,313.5
96.18,"3","Air1",450,21.88,"yes",4.78,260.7
92.49,"3","Air2",200,12.82,"no",1.53,19.9
123.01,"2","Air2",250,13.08,"yes",0.74,26.4
119.41,"3","Air2",250,5.41,"no",1.62,47.6
12.57,"3","Air1",200,12.98,"no",1.04,98.6
192.7,"1","Air2",400,11.26,"no",3.14,206.8
53.51,"2","Air1",325,17.89,"yes",1.76,96.9
29.58,"2","Air3",200,14.14,"yes",4.19,253.7
90.66,"3","Air2",200,9.22,"no",4.08,262.2
38.63,"3","Air2",60,14.36,"yes",4.14,277.7
87.81,"2","Air4",160,21.65,"no",2.19,44.2
77.74,"3","Air3",375,21.34,"no",6.9,240
17.77,"2","Air2",60,14.03,"no",2.68,23.9
88.85,"2","Air3",200,27.23,"yes",1.32,114.7
118.02,"1","Air1",400,26.78,"no",5.04,260.9
2.06,"3","Air3",140,11.72,"no",1.13,43
31.9,"2","Air3",275,18.09,"no",0.95,88.5
177.93,"1","Air2",275,22.94,"no",2.83,21.9
56.82,"1","Air1",250,18.8,"yes",4,21.7
76.17,"3","Air2",180,9.87,"no",2.37,23.1
126.23,"2","Air4",200,23.8,"yes",0.33,57.9
132.23,"2","Air2",275,13.41,"yes",3.71,359.7
177.82,"3","Air4",400,21.38,"yes",0.88,34.6
11.16,"2","Air3",80,13.51,"yes",4.19,347
46.64,"3","Air1",275,19.6,"no",1.78,19.8
43.82,"3","Air1",400,14.06,"no",3.9,246.7
144.42,"3","Air2",250,19.23,"yes",2.45,70.7
17.74,"2","Air3",250,12.47,"no",1.93,4.6
175.29,"3","Air4",500,15.82,"no",2.21,7.5
45.43,"1","Air3",350,8.43,"yes",0.37,62.7
33.8,"1","Air3",250,11.76,"yes",2,30.9
95.29,"1","Air4",225,12.97,"no",5.68,280.7
40.56,"3","Air1",400,10.47,"no",4.35,335.5
193.97,"1","Air2",275,24.19,"no",4.38,245.4
122.58,"3","Air4",200,22.69,"yes",2.58,52.3
53.32,"3","Air1",350,5.06,"yes",3.66,4.2
27.31,"1","Air3",120,18.47,"no",1.43,46.6
70.43,"3","Air1",325,22.02,"no",0.49,47
190.43,"3","Air2",400,13.23,"no",2.97,37.7
161.11,"1","Air2",250,21.38,"yes",2.49,33.3
42.27,"2","Air1",325,16.05,"yes",3.21,29.2
40.01,"2","Air1",300,11.87,"yes",5.73,303.9
236.09,"3","Air2",375,24.21,"yes",1.72,46.8
55.18,"1","Air3",325,16.56,"yes",0.83,53.5
64.46,"3","Air2",60,20.88,"yes",0.86,42.1
39.69,"2","Air1",300,12.31,"yes",0.71,51.7
79.42,"1","Air2",120,16.19,"yes",1.81,21.1
23.34,"3","Air1",275,9.86,"no",4.6,246.8
162.63,"3","Air2",325,11.13,"yes",2.96,1.3
23.82,"3","Air3",200,9.98,"yes",3.96,315.1
106.21,"1","Air4",200,18.91,"yes",2.96,58.5
79.84,"2","Air1",375,21.76,"yes",2.02,29.9
37.55,"3","Air1",300,16.55,"no",1.87,8.7
126.26,"3","Air4",325,13.03,"no",4.62,299.1
32.07,"3","Air1",225,1.92,"no",2.3,74.3
162.04,"1","Air4",375,20.46,"no",3.8,9.2
65.48,"1","Air2",60,21.13,"yes",1.87,74.9
52.26,"1","Air3",400,11.06,"yes",1.96,52.4
187.82,"1","Air4",550,12.68,"no",1.24,90.7
35.49,"3","Air1",120,19.32,"yes",1.97,56.5
36.06,"1","Air4",80,9.07,"no",3,59.1
160.43,"3","Air4",300,25.6,"no",2.09,33
95.47,"2","Air2",200,12.49,"yes",0.81,59.2
55.19,"1","Air1",500,10.51,"no",1.19,31.6
48.54,"3","Air1",375,13.17,"yes",1.88,95.2
115.94,"3","Air4",160,23.63,"yes",3.88,175.8
67.34,"3","Air3",550,16.05,"no",1.19,22.9
59.29,"1","Air1",275,0.41,"no",5.21,224
4.66,"1","Air3",100,12.2,"no",3.84,192.1
43.64,"2","Air3",375,16.81,"no",4.59,225.1
12.78,"3","Air1",200,8.5,"no",2.85,346.9
12.46,"1","Air1",80,10.91,"no",5.01,270.5
91.72,"1","Air4",200,13.69,"yes",1.72,58.8
68.98,"2","Air1",300,20.64,"yes",4.46,228
75.17,"2","Air2",160,12.07,"yes",3.14,21.5
102.17,"3","Air2",200,8.47,"yes",5.8,262.5
40.03,"2","Air3",350,7.26,"yes",0.81,45.1
79.15,"2","Air4",225,13.6,"no",2.59,78.9
69.37,"1","Air4",180,9.48,"no",3.61,20.2
80.78,"2","Air1",375,22.44,"yes",5.26,237.3
204.18,"3","Air2",400,8.91,"yes",3.57,324.4
62.52,"1","Air1",325,15.98,"yes",5.08,223.7
182.81,"2","Air2",375,11.31,"yes",0.03,55.3
16.82,"2","Air1",225,7.9,"no",0.76,52.5
187.61,"1","Air4",375,24.92,"no",3.88,246.6
78.66,"1","Air3",500,20.31,"no",2.89,10.8
54.5,"2","Air4",120,12.47,"yes",3.95,227.2
121.24,"1","Air4",225,18.86,"yes",4.68,229.9
161.4,"3","Air2",250,21.16,"yes",5.78,252.3
64.15,"1","Air1",350,18.37,"yes",1.45,54
64.95,"3","Air1",300,20.77,"no",6.05,252.6
127.38,"3","Air2",180,22.41,"yes",2.95,51.7
68.85,"3","Air1",300,19.52,"yes",6.03,275
47.12,"1","Air1",275,18.79,"no",1.16,46.1
60.29,"2","Air2",100,17.65,"no",7.33,270.8
48.75,"2","Air3",350,15.12,"yes",4.38,258.3
55.77,"3","Air3",350,18.33,"yes",1.53,63.6
26.97,"1","Air3",225,15.36,"no",1.36,16.2
50.53,"3","Air3",400,1.41,"no",0.21,43.6
196.53,"2","Air2",325,23.8,"no",1.75,346
133.75,"2","Air3",350,-7.61,"no",1.73,70.8
70.1,"3","Air1",500,10.68,"yes",4.81,296.6
188.28,"1","Air2",350,10.88,"yes",4.48,243.1
61.19,"1","Air1",400,15.71,"yes",3.81,32.4
144.98,"2","Air4",375,19.94,"no",3.25,14.2
110.4,"3","Air3",450,26.87,"no",1.62,62.3
151.82,"3","Air4",400,16.45,"no",0.56,56.2
22.03,"1","Air3",120,16.59,"no",3.2,123.7
63.63,"1","Air1",350,16.64,"yes",4.69,338.5
311.18,"3","Air2",600,17.67,"yes",1.19,34.9
63.46,"1","Air2",100,12.59,"yes",4.36,201.7
23.26,"1","Air1",140,10.84,"yes",3.86,198.7
156.09,"2","Air2",300,13.59,"yes",6.28,252.7
181.78,"1","Air1",350,33.72,"no",5.24,238.8
158.24,"2","Air2",225,24.71,"no",6.25,264
32.51,"2","Air3",375,11.18,"no",5.44,208.1
47.02,"1","Air1",400,14.36,"no",3.83,217.1
109.62,"3","Air1",375,25.84,"yes",0.09,43.8
206.35,"3","Air4",375,25.7,"yes",5.04,209.8
219.64,"1","Air2",400,17.19,"yes",2.99,223.9
114.09,"1","Air4",300,12.8,"no",3.47,303.4
10.87,"2","Air1",200,10.33,"no",3.61,198.4
43.42,"3","Air3",375,15.46,"no",2.4,30.9
69.24,"2","Air3",300,23.76,"no",0.74,36.6
152.81,"3","Air4",275,24.89,"no",3.56,8
33.12,"2","Air3",300,17.97,"no",3.75,66.5
35.78,"3","Air1",275,13.3,"yes",0.86,44.6
154.05,"2","Air2",300,8.56,"yes",5.64,258.1
125.8,"1","Air4",200,22.59,"yes",0.52,59.9
-1.7,"2","Air3",100,8.97,"no",0.33,53.6
148.41,"2","Air4",400,15.06,"yes",2.05,66.7
35.85,"2","Air3",120,22.76,"no",1.12,35.6
141.22,"1","Air4",325,17.66,"no",5.38,314.9
241.88,"3","Air2",375,24.37,"yes",2.03,43.5
276.7,"3","Air2",400,26.99,"yes",5.08,239.9
57.66,"2","Air2",120,12.01,"yes",2.38,59
19.37,"3","Air3",225,15.74,"no",1.31,25.6
155.57,"1","Air2",325,9.1,"no",1.37,48.1
149.12,"1","Air4",180,-3.38,"yes",5.11,257.1
105.24,"3","Air2",200,12.87,"yes",4.33,215.8
60.92,"3","Air2",80,19.75,"yes",1.46,108.7
33.61,"3","Air3",200,17.51,"yes",0.12,93.2
-2.58,"2","Air1",60,13.83,"no",0.84,72.5
133.82,"1","Air3",250,30.55,"yes",2.12,34
198.23,"3","Air2",375,12.6,"yes",6.4,268.1
24.62,"3","Air3",300,9.01,"no",2.39,6.2
52.08,"3","Air1",275,19.22,"yes",1.31,42
15.31,"3","Air1",180,6.66,"no",2.01,11
9.67,"3","Air1",60,16.74,"no",5.23,286.3
31.78,"1","Air1",100,17.11,"yes",2.75,44.8
198.62,"2","Air2",375,17.86,"yes",2.52,332
147.66,"1","Air4",275,21.22,"yes",4.76,205.6
40,"2","Air3",350,12.17,"yes",2.08,63.8
132.74,"2","Air2",250,17.55,"yes",0.42,45.8
36.42,"1","Air3",375,10.34,"no",1.48,82.2
80.81,"1","Air2",120,18.09,"yes",3.49,1.4
6.14,"2","Air3",200,9.4,"no",2.54,73.3
168.92,"1","Air2",325,15.93,"no",4.97,204.2
95.26,"2","Air4",200,20.34,"no",2.81,0.1
63.54,"3","Air1",200,24.31,"no",0.28,71.8
133.37,"2","Air2",200,22.22,"yes",2.41,359.9
160.65,"2","Air4",350,23.29,"no",1.87,40.1
38.48,"2","Air3",400,10.45,"no",6.27,288.4
114.33,"2","Air4",200,19.95,"yes",4.57,304.3
225.02,"2","Air2",400,19.6,"yes",5.07,255.7
35.72,"2","Air1",325,16.59,"no",3.86,290.4
87.44,"3","Air1",450,20.35,"yes",5.51,248.6
17.48,"3","Air3",250,12.35,"no",0.74,40.5
300.41,"2","Air2",600,10.92,"yes",3.95,236
77.43,"2","Air4",80,22.95,"no",4.53,236.7
125.89,"1","Air4",300,14.89,"yes",1.42,38.9
39.13,"2","Air3",375,13.65,"yes",3.37,286.2
166.86,"1","Air1",350,32.13,"no",4.07,212.9
44.73,"1","Air3",325,14.37,"no",5.45,241.1
33.2,"2","Air1",200,19.27,"no",3.32,199.4
178.15,"3","Air4",400,19.7,"yes",6.15,265.9
207.02,"1","Air2",375,20.12,"no",1.09,104.7
20.48,"1","Air1",140,12.04,"yes",2.2,37.8
194.65,"2","Air2",400,6.07,"no",2.36,108
13.04,"1","Air1",100,11.98,"no",4.32,355.9
233.34,"2","Air2",400,24.16,"no",2.36,183.6
21.21,"3","Air1",60,1.18,"yes",1.18,24.3
139.74,"2","Air2",200,23.04,"yes",1.53,126
79.31,"3","Air2",140,17.94,"no",5.36,240.9
53.44,"1","Air1",400,12.78,"no",4.78,306.5
82.3,"3","Air3",400,22.12,"yes",1.76,38.4
137.27,"3","Air3",350,30.63,"no",2.12,37
24.74,"1","Air3",225,14.73,"no",3.98,239.8
202.26,"1","Air2",400,11.86,"yes",2.28,151.3
158.55,"1","Air4",180,28.17,"no",0.25,74.2
123.83,"1","Air2",225,11.83,"yes",5.47,305
133.61,"1","Air4",325,4.05,"yes",3.52,267
28.57,"3","Air3",225,12.24,"yes",4.84,231.5
193.29,"3","Air2",325,21.76,"yes",1.34,58.3
52,"3","Air3",300,1.7,"yes",3.81,207.9
72.29,"3","Air2",160,13.39,"no",4.21,237.7
18.7,"2","Air3",140,17.14,"yes",3.84,345.1
56.24,"1","Air3",180,23.08,"no",1.41,79.2
121.76,"1","Air2",200,18,"yes",2.06,147.2
108.97,"1","Air2",225,12.03,"no",0.26,101.1
162.6,"2","Air4",400,19.65,"yes",1.09,61.1
151.64,"1","Air4",375,19.45,"no",2.22,7.9
44.64,"1","Air1",375,13.62,"no",1.4,29.2
132.56,"2","Air4",350,12.54,"yes",5.63,272
98.57,"2","Air3",500,24.89,"no",3.01,19.8
109.67,"2","Air4",225,18.98,"yes",0.47,358.8
30.67,"2","Air3",325,16.34,"no",2.73,27.4
105.35,"3","Air4",300,14.02,"no",1.67,70
26.68,"2","Air1",180,6.44,"yes",3.57,251.1
84.08,"2","Air3",275,25.24,"yes",3.74,358.1
276.75,"1","Air2",550,16.38,"no",3.77,304.3
175.67,"2","Air2",350,8.73,"yes",2.21,44.2
84.25,"2","Air3",375,23.8,"yes",3.29,222.1
24.97,"3","Air2",80,8.66,"no",2.63,56.4
197.17,"3","Air4",400,25.35,"no",4.53,248.5
34.77,"3","Air1",225,11.82,"yes",5.12,241.3
217.2,"2","Air4",375,29.65,"no",0.51,75.4
91.6,"1","Air3",400,23.24,"no",4.3,340.8
36.95,"3","Air3",275,14.46,"yes",2.48,51.3
156.88,"3","Air2",300,16.28,"yes",2.73,287.7
200.6,"3","Air4",600,12.17,"no",1.44,56.6
45.05,"2","Air1",350,10.13,"yes",2.45,26.8
140.67,"2","Air2",275,18.16,"no",0.05,56.9
125.51,"1","Air4",350,7.39,"no",3.15,153.5
44.71,"1","Air3",275,15.25,"yes",2.97,359.8
194.12,"1","Air4",225,29.78,"yes",3.43,222.8
39.06,"1","Air1",325,5.15,"no",3.59,238.1
101.82,"3","Air4",200,17.22,"yes",5.91,309.9
121.13,"1","Air4",275,7.17,"yes",4.74,281.5
50.19,"3","Air2",60,21.47,"no",2.33,26.6
60.23,"1","Air1",140,21.85,"yes",1.44,37.8
79.16,"3","Air4",100,23.27,"no",3.06,38.9
23.09,"3","Air2",60,10.15,"no",2.36,48.7
25.1,"1","Air3",160,14.64,"no",5.74,322.1
108.62,"2","Air2",250,11.12,"no",1.96,339.1
41.75,"1","Air3",400,6.34,"no",1.37,63.6
84.48,"1","Air3",300,23.13,"yes",2.42,63.8
324.64,"2","Air2",600,20.4,"yes",1.67,48.3
37.06,"2","Air1",275,3.43,"yes",1.85,198
132.73,"3","Air1",225,29.11,"yes",5.95,202.7
117.02,"1","Air4",225,20.37,"no",5.6,260.8
38.6,"2","Air1",275,14.89,"yes",2.55,17.8
142.66,"1","Air4",350,12.79,"yes",4.25,313.3
164.34,"3","Air4",140,29.38,"yes",5.32,250.2
122.89,"2","Air4",300,17.44,"no",4.34,1
27.7,"1","Air1",200,16.94,"no",3.73,356.6
185.89,"3","Air2",350,13.79,"yes",5.84,244.4
45.61,"3","Air1",400,15.7,"no",2.73,31.9
87.97,"1","Air4",225,9.42,"no",3.17,170.4
108.5,"2","Air4",180,22.1,"no",5.77,268
23.9,"1","Air3",225,14.12,"no",0.53,79.7
138.2,"1","Air2",140,26.95,"no",0.86,59.5
192.43,"1","Air2",375,17.65,"no",1.21,34.4
27.08,"2","Air3",275,16.65,"no",1.72,32.3
128.19,"2","Air4",325,15.8,"yes",0.62,62.5
62.23,"1","Air1",400,11.28,"yes",2.4,38
160.3,"2","Air4",375,22.08,"no",1.52,88.6
175.5,"3","Air2",325,19.14,"no",0.72,358.3
199.65,"3","Air4",225,30.6,"yes",3.67,206.7
141.31,"2","Air2",275,16.26,"yes",3.03,267.4
77.97,"2","Air1",140,25.27,"yes",4.37,217.6
50.24,"1","Air1",350,16.23,"no",5.21,297.1
86.69,"2","Air1",400,22.13,"yes",5.01,269.8
12.6,"2","Air1",100,14.97,"yes",3.02,23
71.24,"1","Air4",140,17.48,"no",2.54,69.2
169.13,"2","Air4",400,19.54,"yes",1.39,171.9
10.44,"2","Air3",225,6.54,"no",1.51,153.1
175.74,"1","Air2",325,17.21,"yes",1.78,82.3
103.94,"2","Air2",200,10.35,"yes",5.31,240.3
142.97,"2","Air2",250,17.45,"yes",5.16,234
119.65,"2","Air4",160,24.82,"yes",1.77,355.8
118.64,"1","Air2",250,11.58,"no",2.66,85.6
53.64,"3","Air2",80,4.96,"yes",6.54,229.4
85.61,"1","Air1",400,21.07,"no",4.12,270.2
155.16,"3","Air2",140,-6.55,"no",5.17,316.9
126.72,"2","Air2",250,19.2,"no",2.92,204
212.1,"1","Air2",300,25,"yes",1.3,78.6
51.68,"3","Air1",225,21.64,"no",2.66,57.7
100.99,"3","Air2",200,12.51,"yes",3.16,18.6
113.4,"2","Air4",250,15.82,"yes",6.3,285.1
90.06,"3","Air2",180,16.14,"no",0.69,51.3
61.67,"2","Air1",275,22.67,"no",2.05,8.4
135.68,"2","Air4",275,20.63,"yes",0.74,111.1
154.52,"3","Air2",300,6.45,"yes",2.64,45.4
79.91,"1","Air2",160,11.36,"no",4.57,270
20.59,"3","Air1",275,9.72,"no",3.39,271.1
78.58,"2","Air1",400,23.53,"no",3.13,39.2
30.32,"3","Air1",200,13.26,"yes",2.41,35.8
28.5,"3","Air1",325,10.4,"no",3.53,11.8
32.52,"1","Air1",300,8.74,"no",0.68,36.8
65.46,"1","Air1",400,7.52,"yes",4.89,213.4
101.94,"2","Air4",275,10.96,"yes",3.33,20.6
47.4,"3","Air3",350,13.05,"yes",0.5,94.3
16.78,"3","Air1",140,16.55,"no",1.3,97.8
58.13,"2","Air4",100,14.2,"yes",5.76,223.3
81.45,"1","Air3",200,24.63,"yes",3.21,47.2
35.51,"2","Air1",200,16.73,"yes",1.28,45.8
48.98,"1","Air1",325,14.57,"no",5.29,256
139.52,"1","Air4",400,9.98,"no",2.72,23.1
135.15,"3","Air2",275,9.89,"yes",1.86,5.3
47.3,"1","Air1",80,19.66,"yes",6.73,270.3
39.29,"2","Air3",275,12.98,"yes",5.3,303.9
55.44,"1","Air3",325,16.15,"yes",5.41,236.7
166.52,"3","Air4",325,24.95,"no",1.57,62.6
10.31,"2","Air3",180,13.54,"no",3.6,14.9
293.47,"2","Air2",600,5.62,"no",4.33,207.7
58.96,"1","Air3",400,16.77,"no",4.94,250.1
51.55,"3","Air4",100,10.23,"yes",0.48,55.1
69.44,"2","Air1",450,17.41,"yes",4.32,194.4
-8.67,"2","Air3",60,11.63,"no",1.26,181
128.14,"2","Air4",300,15.52,"yes",5.61,298.4
146.81,"3","Air4",400,15.37,"no",4.29,279.1
40.26,"3","Air3",325,15.13,"no",5.31,281.7
66.96,"1","Air1",250,22.91,"no",2.37,18.3
214.14,"3","Air2",375,17.86,"yes",5.35,284.7
42.21,"1","Air1",300,17.99,"no",1.29,31.3
35.07,"2","Air3",180,16.94,"yes",4.35,246.3
195.32,"1","Air4",350,26.68,"no",2.57,54.1
75.28,"2","Air3",450,22.03,"no",1.38,76.2
35.81,"2","Air2",60,18.3,"no",1.26,48.8
48.81,"1","Air1",375,11.67,"yes",3.44,276.4
17.78,"1","Air1",140,14.9,"no",0.41,59.5
226.97,"1","Air4",275,30.86,"yes",4.89,185.9
55.6,"2","Air1",200,22.92,"no",1.23,32.8
96.68,"2","Air1",550,19.68,"yes",4.52,278
43.34,"1","Air3",225,18.01,"yes",2.13,338.1
36.61,"1","Air3",325,6.16,"no",3.2,28.1
176.9,"3","Air2",375,14.01,"no",3.14,174.5
162.94,"2","Air1",200,33.84,"yes",1.11,57.8
114.05,"3","Air2",250,8.16,"no",2.74,193.3
65.65,"2","Air1",250,23.85,"no",3.28,156.9
87.12,"1","Air1",350,22.37,"yes",2.07,57.1
44.32,"2","Air3",140,22.05,"no",4.4,226.6
140.16,"3","Air2",250,19.86,"no",3.22,13.5
93.3,"3","Air3",300,26.59,"no",4.03,24.2
117.49,"2","Air4",250,21.49,"no",1.44,99.5
108.95,"2","Air2",225,12.91,"yes",2.15,78.9
77.17,"3","Air4",120,19.61,"no",4.7,314.3
30.61,"3","Air1",200,14.75,"yes",1.34,19.3
189.17,"2","Air4",500,16.51,"yes",5.15,239.1
89.81,"1","Air4",160,18.12,"yes",2.45,33.8
109.26,"1","Air3",275,27.67,"yes",3.05,206.2
64.88,"3","Air3",550,6.82,"yes",2.14,41.9
173.96,"3","Air2",325,19.62,"no",0.69,63.6
54.82,"3","Air4",100,15.32,"no",4.84,241.7
136.28,"2","Air2",275,11.55,"yes",0.62,53.9
91.13,"3","Air4",250,7.41,"no",0.93,94.5
23.08,"1","Air1",250,9.33,"no",1.66,82.1
29.84,"2","Air3",300,18.08,"no",2.78,356.3
73.61,"3","Air1",325,19.52,"yes",4.44,239.8
5.53,"3","Air3",60,12.15,"yes",3.66,313.1
78.37,"3","Air1",600,3.36,"no",1.53,41.1
161.01,"3","Air4",250,26.05,"yes",0.61,52.4
219.21,"2","Air1",600,34.03,"yes",4.04,284.4
71.17,"3","Air3",400,21.45,"no",1.89,22.7
145.92,"1","Air4",375,9.39,"yes",0.46,81
72.66,"1","Air3",200,22.3,"yes",5.52,247
165.62,"2","Air2",325,6.47,"yes",1.78,10
32.11,"3","Air3",375,11.2,"no",3.44,44.7
26.81,"3","Air3",200,8.58,"yes",2.37,191.5
101.05,"2","Air4",275,14.35,"no",1.8,51
14.87,"3","Air1",225,12.8,"no",3.55,184.2
97.71,"2","Air2",225,10.49,"no",3.7,190.5
201.97,"2","Air2",325,23.91,"no",4.26,268.3
176.97,"1","Air4",400,21.86,"no",0.9,66.3
31.18,"2","Air3",400,7.3,"no",3.44,330
125.46,"3","Air1",325,28.39,"yes",3.7,208.4
90.42,"3","Air4",200,14.41,"yes",1.07,91.9
171.11,"1","Air2",350,14.25,"no",2.56,76.5
72.65,"1","Air2",120,17.95,"no",4.52,344.1
66.29,"2","Air2",80,21.08,"yes",3.04,72.3
0.32,"3","Air3",100,9.91,"no",3.61,34
31.07,"2","Air3",275,16.02,"no",5.99,240.4
144.66,"2","Air4",350,17.18,"yes",4.33,277.2
95.83,"3","Air4",225,16.76,"no",3.35,158.5
36.93,"1","Air3",250,13.76,"yes",2.4,105.4
52.11,"3","Air3",400,1.21,"no",0.49,47.4
75.86,"2","Air1",250,23.23,"yes",4.93,273.4
313.02,"3","Air2",600,16.72,"yes",1.39,331.9
65.44,"2","Air3",500,7.24,"yes",6.28,248.2
181.2,"1","Air2",350,9.11,"yes",1.37,85.3
101.83,"2","Air4",200,18.79,"yes",1.45,22
141.83,"1","Air2",250,14.82,"yes",4.9,258.5
42.4,"1","Air3",350,11.57,"no",5.77,248.5
29.93,"3","Air3",350,11.96,"no",1.59,51
206.99,"1","Air2",375,18.05,"yes",1.33,66.1
33.97,"2","Air3",275,9.62,"yes",4.5,230.4
61.61,"1","Air3",200,21.12,"yes",4.31,335.4
118.95,"3","Air4",325,16.28,"no",2.76,10.2
183.26,"3","Air4",275,27.63,"yes",0.09,80
59.88,"3","Air1",375,17.46,"yes",3.33,200.4
108.5,"2","Air2",225,16.62,"no",3.56,354.7
48.84,"2","Air4",120,13.93,"no",2.45,57.9
88.98,"2","Air1",225,27.08,"no",2.59,103.6
50.61,"3","Air1",350,9.77,"yes",4.53,209.8
101.39,"3","Air4",225,17.16,"no",5.46,252.9
116.19,"2","Air2",225,3.81,"yes",1.55,63.9
239.1,"2","Air2",500,12.94,"no",2.36,20.7
44.84,"3","Air2",80,14.94,"yes",3.77,277.8
46.3,"1","Air1",325,13.63,"no",4.28,1.2
47.28,"2","Air1",300,4.97,"yes",4.12,295.9
58.35,"1","Air3",400,6.59,"yes",5.04,266.8
42.85,"1","Air1",300,7.02,"yes",1.49,56.4
106.15,"2","Air2",200,18.9,"no",1.38,100.8
136.43,"1","Air4",300,1.74,"no",5.77,249.1
133.73,"3","Air4",375,13.06,"no",4.28,241.8
46.34,"2","Air1",375,12.97,"yes",1.51,8
52.05,"3","Air1",120,21.55,"yes",1.83,40.6
53.35,"1","Air1",250,18.28,"yes",1.66,65.2
118.17,"2","Air2",225,12.97,"yes",5.99,257.4
36.11,"3","Air1",375,12.9,"no",0.19,35.4
241.28,"3","Air2",500,8.02,"no",0.14,85.5
136.75,"3","Air4",350,16.17,"yes",3.16,201.5
49.89,"3","Air1",180,21.79,"no",5.09,237.3
173.76,"2","Air4",250,28.52,"no",2.68,216.4
146.79,"2","Air4",450,13.44,"no",2.65,20.9
47.68,"1","Air3",375,15.62,"no",2.46,24.7
29.87,"1","Air1",160,12.65,"yes",0.56,26.1
30.51,"1","Air3",300,13.82,"no",3.17,91.3
42.03,"1","Air3",300,3.53,"no",1.11,66.4
163.36,"3","Air2",325,14.05,"yes",3.39,214.1
190.58,"2","Air2",350,21.31,"no",3.65,14.8
200.01,"3","Air2",180,30.11,"yes",4.69,206.9
95.16,"2","Air4",250,13.87,"no",5.82,240.4
40.6,"3","Air3",325,18.31,"no",3.07,235
170.44,"1","Air4",375,-0.47,"yes",1.82,53.4
44.12,"2","Air3",450,9.36,"no",4.16,296.4
75.72,"2","Air4",225,11.28,"no",2.76,8.6
187.64,"2","Air2",400,7.15,"no",0.94,64.3
26.47,"2","Air1",250,13.08,"yes",2.77,185
232.19,"1","Air2",400,22.59,"no",3.57,204.2
122.81,"3","Air4",250,20.75,"no",4.78,22.8
32.95,"3","Air3",160,17.9,"yes",1.95,33
81.63,"2","Air4",225,12.88,"no",1.2,65.2
119.94,"1","Air3",375,26.6,"yes",1.12,73.7
194.97,"2","Air2",400,5.23,"no",4.04,329.3
52.66,"2","Air1",300,18.12,"yes",4.66,311.9
20.13,"1","Air3",225,11.49,"no",1.12,19
123.39,"2","Air2",225,20.16,"no",0.59,70
163.4,"3","Air2",300,20.16,"no",1.62,44.9
116.21,"1","Air4",250,16.15,"yes",3,235.4
74.09,"1","Air1",300,21.32,"yes",0.12,50.5
33.32,"1","Air3",325,9.76,"no",3.35,44.7
47.95,"3","Air3",325,13.25,"yes",4.63,239.4
137.06,"3","Air4",375,11.48,"yes",1.59,35.9
128.8,"1","Air4",325,8.66,"yes",2.21,61.9
107.56,"1","Air4",275,15.15,"no",2.22,33.1
103.4,"2","Air4",160,21.53,"yes",1.82,85.6
56.26,"2","Air3",325,19.48,"yes",2.64,240.2
126.42,"3","Air4",325,2.6,"no",0.76,68.5
158.05,"1","Air2",225,-2.61,"no",2.29,166.9
96.29,"3","Air4",225,7.11,"yes",2.92,183.2
134.14,"1","Air4",300,4.49,"yes",5.07,249.2
93.51,"1","Air1",325,25.46,"no",1.21,84.1
99.98,"1","Air3",300,27.49,"no",2.4,358
51.34,"3","Air3",350,15.85,"yes",1.44,85.2
56.78,"3","Air3",300,19.32,"yes",2.04,9.9
175.06,"1","Air3",325,33.24,"yes",2.46,50.5
46.47,"3","Air1",375,16.62,"no",0.93,79.2
31.9,"1","Air1",160,14.52,"yes",3.03,23.3
98.35,"2","Air4",100,25.57,"no",3.1,182.5
132.52,"3","Air4",400,11.31,"no",1.09,29.6
118.06,"2","Air4",350,12.84,"no",2.6,191.3
38.17,"1","Air1",325,10.15,"no",5.11,264.1
95.19,"3","Air2",200,15.77,"no",3.96,268.2
41.17,"2","Air2",60,17.72,"yes",2.67,23
156.74,"1","Air2",325,6.23,"no",1.11,72
42.38,"1","Air3",275,16.3,"yes",2.37,41.9
52.51,"1","Air1",250,20.06,"no",2.86,4.8
15.44,"3","Air3",225,10.83,"no",2.7,63
188.56,"2","Air2",350,18.38,"yes",3.71,255.4
91.31,"3","Air1",500,20.39,"yes",0.38,44.8
108.06,"1","Air4",225,15.67,"yes",2.3,120.2
79.15,"3","Air1",200,26.51,"no",3.01,2.3
128.75,"3","Air2",60,29.86,"yes",2.67,96.4
29.24,"3","Air1",60,20.38,"no",4.09,276.3
56.62,"3","Air3",275,22.12,"no",1.66,122.2
179.95,"1","Air4",350,22.92,"yes",0.64,72.7
162.37,"3","Air4",400,3.79,"yes",5.06,276.2
212.61,"3","Air2",275,26.55,"yes",4.7,220.9
45.79,"2","Air1",225,19.82,"no",6.48,300.9
98.1,"3","Air2",180,1.43,"no",3.78,267.3
97.27,"3","Air3",180,27.38,"yes",3.19,20.4
176.12,"1","Air2",275,-1.37,"no",5.42,237.5
52.52,"2","Air3",375,1.46,"no",4.88,238.5
85.56,"3","Air1",350,23.29,"yes",0.65,101.3
116.94,"3","Air4",225,19.89,"yes",0.37,83.9
95.77,"3","Air2",200,14.79,"no",0.55,67
140.46,"3","Air1",225,31.47,"yes",1.15,36.2
25.34,"2","Air3",300,14.04,"no",0.01,102
33.33,"3","Air3",300,13.76,"no",5.77,301.7
77.16,"2","Air2",180,12.05,"no",1.52,34.3
194.93,"2","Air2",375,16.13,"yes",0.9,152.7
55.11,"1","Air3",400,17.99,"no",1.26,57.1
135.54,"2","Air2",300,9.98,"no",1.12,28.8
18.52,"1","Air1",160,15.16,"no",3.5,250.4
38.93,"3","Air1",275,9.97,"yes",5.18,238.5
96.4,"2","Air3",400,24.75,"yes",2.17,35
36.29,"3","Air1",200,18.35,"no",5.62,293.1
150.89,"1","Air4",375,15.35,"yes",2.25,148.2
33.1,"1","Air1",350,9.81,"no",3.99,244.8
134.31,"3","Air2",180,21.58,"yes",6.72,253.3
25.38,"3","Air1",300,7.01,"no",2.47,60.9
196.4,"1","Air2",400,9.66,"no",1.71,49
206.82,"3","Air4",600,12.13,"no",4.12,178.4
114.05,"3","Air2",225,13.55,"yes",0.75,42.1
57.37,"2","Air4",140,14.23,"no",1.44,57.3
53.16,"1","Air4",100,10.06,"no",4.8,193.1
137.15,"1","Air1",500,25.72,"yes",5.23,285
26.85,"2","Air1",250,8.9,"yes",3.81,249.6
33.98,"3","Air1",225,14.15,"yes",1.12,55.4
62.54,"2","Air3",250,21.4,"yes",4.99,299
42.13,"3","Air1",400,11.6,"no",2.64,23.4
50.46,"2","Air3",160,22.94,"no",5.26,237.1
129.81,"3","Air4",250,20.32,"yes",1.24,53.9
143.17,"2","Air2",325,11.19,"no",2.12,103.6
241.23,"2","Air2",400,22.37,"yes",5.37,242
110.92,"1","Air4",300,9.7,"no",0.93,64.7
170.89,"3","Air2",300,19.84,"no",4.97,224.2
141.96,"1","Air4",300,19.61,"yes",2.59,40.5
55.99,"3","Air3",300,20.57,"yes",2,32.5
234.04,"1","Air2",375,22.68,"yes",2.11,62.4
92.33,"1","Air2",160,12.37,"yes",4.73,205.3
49.02,"1","Air3",225,2.74,"yes",3.7,12
22.05,"2","Air3",250,17.33,"no",0.78,48.6
69.72,"3","Air4",200,12.13,"no",1.57,41.7
117.03,"2","Air2",250,12.38,"no",6.28,320.2
64.17,"1","Air1",375,15.78,"yes",1.74,74.6
128.19,"1","Air2",200,20.26,"yes",3.64,336.3
25.21,"2","Air1",275,8.6,"no",4.4,324.4
24.19,"1","Air3",180,5.83,"yes",3.61,241.9
49.69,"2","Air1",350,15.31,"yes",1.63,70
68.52,"3","Air2",160,13.29,"no",3.05,62.8
40.62,"1","Air1",180,17.09,"yes",3.8,35
109.74,"3","Air4",225,19.98,"no",4.51,327.9
159.61,"1","Air2",300,15.53,"no",4.53,223.7
133.07,"1","Air2",180,-2.05,"no",5.65,275
46.12,"2","Air2",120,9.58,"no",3.78,259.3
72.3,"1","Air2",80,20.92,"yes",2.21,352.4
136.72,"3","Air2",275,3.88,"no",3.37,228.3
173.1,"1","Air2",300,18.41,"yes",0.82,72
58.96,"1","Air1",250,19.95,"yes",1.19,91.4
59.78,"1","Air3",160,22.55,"yes",2.51,28.5
18.59,"2","Air3",300,8.51,"no",1.37,59.2
82.43,"2","Air4",160,20.42,"no",2.49,336.2
37.86,"3","Air1",80,23.1,"no",1.31,87
146.67,"3","Air1",400,30.17,"yes",2.92,244.5
30.85,"3","Air3",375,13.36,"no",2.71,223.2
15.58,"1","Air1",140,11.65,"no",2.46,47
251.5,"3","Air2",500,14.44,"no",4.02,181.7
66.44,"1","Air3",375,18.14,"yes",1.46,99.7
38.64,"2","Air3",325,7.03,"yes",0.71,44.2
91.53,"2","Air4",250,11.37,"no",4.01,353.3
89.33,"1","Air4",160,2.96,"yes",2.39,59.3
70.19,"3","Air1",375,22.83,"no",3.32,18.2
200.56,"2","Air2",325,24.46,"no",3.2,54.8
171.83,"3","Air3",350,32.74,"yes",0.93,54.8
204.14,"1","Air2",300,25.37,"no",2.06,87.6
38.55,"3","Air3",325,8.74,"yes",0.58,62.3
32.03,"1","Air3",300,8.46,"no",1.9,37.8
136.37,"3","Air4",325,17.02,"yes",2.98,31.3
94.73,"2","Air3",160,28.14,"yes",1.68,37.9
93.26,"1","Air1",225,25.94,"no",4.43,329.6
306.36,"2","Air2",600,19.26,"no",3.48,269.6
169.23,"3","Air2",300,21.33,"no",0.38,105.3
159.1,"3","Air2",300,16.26,"yes",3.49,266.2
31.17,"3","Air2",60,8.69,"yes",3.76,248.1
28.47,"2","Air3",300,15.49,"no",0.51,42
33.32,"1","Air1",225,11.15,"yes",2.83,269.6
160.8,"3","Air2",350,10.81,"no",1.46,67.2
159.22,"3","Air4",275,26.1,"no",1.33,39.4
34.22,"2","Air1",225,14.22,"yes",4.16,235.9
77.39,"3","Air1",350,23.74,"no",2.01,54.3
48.36,"2","Air3",325,17.01,"yes",1.28,67.6
126.82,"1","Air4",250,20.16,"no",4.9,261.7
163.29,"2","Air2",300,2.63,"yes",1.45,157.6
91.18,"1","Air4",200,16.4,"no",4.41,227.9
25.58,"2","Air1",200,13.01,"yes",3.68,46.2
89.79,"2","Air2",200,12.91,"no",2.26,32.7
120.4,"2","Air2",275,9.59,"no",1.36,54
14.67,"3","Air3",275,11.24,"no",0.31,40.7
210.95,"1","Air2",375,19.38,"yes",2.6,0.7
293.38,"3","Air2",600,13.7,"no",0.41,91.2
104.79,"3","Air4",250,16.31,"no",4.61,251.6
54.29,"1","Air3",400,6.66,"yes",1.99,59.3
28.02,"1","Air1",250,14.33,"no",1.49,18.4
34.1,"2","Air3",225,17.53,"yes",2.38,23.7
213.52,"3","Air2",350,21.08,"yes",4.86,232.1
12.02,"2","Air3",80,15.13,"yes",0.32,58
112.48,"3","Air4",275,12.97,"yes",0.14,40.4
83.22,"1","Air4",120,20.97,"no",3.43,41.1
154.81,"1","Air2",275,20.12,"no",0.31,24.2
165.81,"1","Air4",375,19.94,"no",4.13,8.8
75.18,"2","Air1",400,22.52,"no",2.76,52.2
19.34,"1","Air3",120,8.72,"yes",4.7,235.1
105.44,"3","Air4",275,6.4,"no",4.23,303.2
74.3,"3","Air1",140,24.69,"yes",2.33,6.4
64.41,"3","Air4",140,12.27,"no",5.8,247.8
31.74,"2","Air3",350,6.48,"no",2.04,22
170.75,"1","Air2",275,22.67,"no",1.12,82.4
76.59,"3","Air3",225,-3.75,"no",3.91,287.1
73.95,"3","Air4",180,10,"yes",2.37,83.1
68.65,"3","Air2",120,19.45,"no",1.05,62
122.17,"1","Air4",225,22.63,"no",0.83,23.6
57.52,"3","Air4",160,13,"no",2.63,40.6
53.85,"3","Air3",325,2.51,"yes",4.67,210.8
179.72,"2","Air2",375,9.39,"no",5.76,265.1
321.62,"2","Air2",500,28.37,"no",4.89,264
48.51,"1","Air3",400,16.42,"no",1.59,59.5
107.29,"1","Air4",200,20.58,"no",0.67,72.4
43.2,"3","Air1",350,16.69,"no",0.83,51.2
30.75,"2","Air3",400,9.86,"no",2.63,127.9
56.08,"3","Air3",325,20.51,"no",4.21,217.9
132.88,"1","Air4",325,7.22,"yes",3.06,49.6
96.3,"1","Air4",200,15.39,"yes",1.95,52.5
14.81,"3","Air3",140,16.33,"no",2.51,37.7
109.21,"3","Air4",225,20.03,"no",4.8,270.5
76.57,"2","Air1",400,19.58,"yes",0.04,52.9
60.46,"3","Air1",350,16.74,"yes",4.4,324.7
42.33,"1","Air1",275,14.27,"yes",1.45,26.4
37.96,"3","Air1",275,14.38,"no",4.97,283.8
77.47,"1","Air1",500,6.07,"yes",4.06,246.2
47.35,"3","Air3",400,11.14,"yes",1.36,22
15.16,"2","Air3",250,13.6,"no",2.42,59
167.36,"3","Air4",375,19.49,"yes",4.68,54.2
67.41,"2","Air1",325,21.08,"yes",2.74,25.8
35.05,"3","Air3",300,9.49,"yes",3.76,223.2
129.03,"2","Air4",250,23.53,"no",3.8,21
56.29,"1","Air3",325,18.07,"yes",1.5,62
46.43,"2","Air3",375,18.77,"no",3.04,2.5
154.19,"3","Air4",450,12.45,"no",2.08,51.4
4.32,"1","Air1",100,12.61,"no",2.6,102.6
89.74,"3","Air4",250,11.74,"no",1.1,98.3
21.57,"3","Air2",60,12.23,"no",4.21,342.3
43.85,"1","Air1",350,8.55,"no",1.74,78.6
208.4,"3","Air2",375,19.66,"no",6.66,283.9
137.44,"2","Air4",375,6.96,"yes",3.65,231.1
37.37,"3","Air1",200,2.71,"yes",2.66,344.8
96.54,"2","Air1",600,20.65,"no",5.49,251.8
97.9,"3","Air2",200,9.66,"yes",1.72,7.9
75.55,"1","Air1",375,20,"yes",1.41,26.3
38.72,"3","Air3",180,21,"no",1.1,54.5
40.58,"3","Air3",350,8.93,"yes",1.54,38.6
1.9,"1","Air1",60,10.96,"no",1.27,36.5
123.3,"2","Air4",250,18.83,"yes",4.8,270.8
176.14,"3","Air2",300,22.91,"no",2.73,34
14.21,"3","Air3",80,14.02,"yes",2.15,15.9
142.71,"3","Air2",300,12.46,"no",0.87,62.6
29.96,"1","Air3",300,11.26,"no",3.85,235.6
194.88,"3","Air2",400,15.74,"no",1.01,49.2
21.12,"2","Air3",140,15.77,"yes",2.77,5.2
29.14,"3","Air3",100,16.28,"yes",4.56,288.4
84.7,"3","Air4",180,17.62,"no",0.81,43.1
87.35,"3","Air1",400,21.91,"yes",0.23,58.7
45.49,"1","Air2",100,8.62,"no",1.13,64.4
58.13,"2","Air1",120,24.89,"no",3.03,167.4
253.06,"3","Air2",350,27.94,"yes",0.69,48
238.23,"1","Air2",375,23.54,"yes",3.22,11.9
42.43,"1","Air1",275,12.34,"yes",0.01,58.7
118.97,"3","Air4",300,16.92,"no",0.6,85.5
45.42,"1","Air3",325,18.23,"no",1.64,171.5
51.05,"3","Air1",375,2.52,"no",1.85,173
20.93,"1","Air3",140,10.36,"yes",1.38,77.8
-1.48,"2","Air3",60,8.67,"no",4.97,255.1
163.45,"1","Air2",325,15.61,"no",3.49,36.9
7.34,"1","Air1",80,10.37,"no",2.77,33.2
198.59,"3","Air2",300,22.93,"yes",4.28,218.3
181,"1","Air2",350,12.8,"yes",1.33,46
79.43,"1","Air4",160,7.72,"yes",2.62,40
55.31,"1","Air4",100,13.7,"no",4.78,225.1
228.51,"1","Air2",325,25.59,"yes",2.3,204.7
145.37,"2","Air2",275,15.55,"yes",1.08,52.4
237,"1","Air2",350,25.04,"yes",2.98,323.1
201.56,"2","Air4",400,26.12,"no",4.14,205.1
52.37,"1","Air1",325,15.4,"no",4.32,226.2
46.22,"3","Air3",250,16.99,"yes",4.72,209.6
133.27,"3","Air2",250,10.71,"yes",4.51,232.3
42.66,"2","Air3",350,14.71,"yes",2.58,183.9
87.84,"2","Air2",200,13.31,"no",0.7,52.2
65.27,"2","Air1",225,24.7,"no",2.68,12.9
24.79,"2","Air3",275,15.23,"no",2.59,77.3
101.11,"3","Air4",275,13.99,"no",1.5,41.5
122.17,"2","Air2",200,21.6,"yes",3.96,319.9
69.25,"3","Air3",325,20.11,"yes",5.71,255.4
128.7,"3","Air4",300,19.53,"no",4.3,299.7
81.45,"1","Air1",200,24.89,"no",4.28,268.4
37.82,"2","Air1",250,15.38,"yes",1.62,39.7
226.64,"1","Air2",450,14.35,"no",3.19,199.7
72.23,"1","Air2",140,13.64,"no",5.08,242.1
72.61,"3","Air1",400,19.42,"yes",3.96,222.2
153.54,"1","Air4",375,16.84,"yes",3.07,179.2
36.67,"1","Air1",100,20.87,"no",3.08,9.2
37.73,"3","Air1",275,6.17,"yes",2.85,331.4
111.23,"3","Air4",325,11.01,"no",1.14,77.9
200.48,"1","Air2",275,25.45,"yes",3.69,237.8
223.12,"3","Air2",350,25.12,"no",4.74,38.8
54.17,"3","Air1",350,14.8,"yes",3.1,170.9
107.22,"3","Air4",250,9.54,"yes",5.32,223.9
134.03,"3","Air4",250,22.25,"yes",2,178
34.15,"3","Air1",275,5.93,"no",4.63,245.4
10.28,"3","Air3",225,9.8,"no",0.79,46.9
86.45,"1","Air4",200,13.38,"yes",1.95,27.4
23.31,"1","Air3",140,10.94,"yes",1.93,59.2
85.23,"2","Air4",160,20.2,"no",0.78,46.2
14.16,"2","Air3",120,6.06,"yes",4.74,207.4
162.61,"1","Air2",325,14.22,"no",4.38,211.6
85.76,"1","Air3",400,20.83,"yes",5,286.2
44.24,"1","Air1",325,15.23,"no",2.65,139.1
61.54,"1","Air1",200,21.7,"yes",0.35,106.7
37.73,"2","Air3",400,11.99,"no",4.23,197.9
138.78,"3","Air4",375,12.03,"yes",0.48,99.8
53.28,"2","Air3",400,15.84,"yes",1.97,16.2
32.61,"2","Air3",325,3.38,"no",1.13,35.8
43.07,"2","Air1",275,16.92,"yes",0.28,54.3
94.91,"2","Air2",200,16.21,"no",0.83,47.7
138.21,"2","Air4",375,14.07,"yes",3.67,9.9
142.49,"1","Air4",275,21.54,"no",4.06,332.6
48.11,"3","Air3",400,15.74,"no",5.09,354.4
139.95,"3","Air4",325,20.87,"no",2.68,170.9
121.3,"3","Air1",275,29.72,"no",2.39,29.1
69.75,"3","Air1",375,18.85,"yes",2.36,181
144.56,"3","Air4",375,18.61,"no",3.75,240.4
36.22,"2","Air1",350,6.51,"no",2.86,15.5
119.22,"1","Air1",375,26.76,"no",5.22,279.9
132.37,"1","Air2",225,18.27,"no",5.11,271.9
57.55,"1","Air1",120,23.57,"no",0.9,55.6
121.78,"2","Air1",200,30.2,"yes",1.2,154.9
151.15,"1","Air2",250,18.96,"yes",0.28,45
220.75,"2","Air4",600,20.04,"no",1.27,65.1
69.32,"1","Air3",400,20.32,"no",2.53,180.3
193.2,"1","Air4",500,1.56,"no",4.07,237.8
69.22,"2","Air3",250,22.61,"yes",5,240.4
25.12,"2","Air3",250,10.44,"yes",3.71,352.2
12.67,"3","Air3",140,8.89,"yes",2.31,40
148.77,"1","Air4",350,15.58,"yes",4.15,251.3
49.59,"2","Air1",400,2.23,"no",0.31,85.9
213.22,"1","Air4",600,12.27,"no",4.48,273.5
23.2,"3","Air1",140,18.54,"no",2.3,28.4
170.78,"1","Air2",300,17.82,"no",5.85,244.4
22.26,"3","Air3",160,14.61,"yes",2.88,2.5
187.83,"3","Air2",200,29.66,"no",4.69,211.2
42.32,"3","Air3",300,16.46,"yes",1.79,52.6
184.3,"2","Air2",400,8.18,"no",0.98,46.1
178.5,"2","Air4",350,23.46,"yes",5.32,297.3
197.82,"2","Air2",400,8.83,"yes",4.04,191.6
29.59,"1","Air3",200,17.42,"no",0.42,112.6
27.82,"2","Air3",250,13.55,"yes",0.83,51.3
60.59,"2","Air2",120,5.69,"yes",2.94,5.8
47.6,"3","Air1",225,20.85,"no",3.13,247.5
80.05,"3","Air1",400,20.55,"yes",1.74,67.1
39.52,"2","Air1",200,18.07,"yes",1.08,41.6
44.12,"1","Air1",375,11.08,"no",1.72,89.6
98.4,"1","Air4",225,11.77,"yes",2.98,189.2
33.11,"2","Air1",250,12.29,"yes",2.18,73.1
109.91,"3","Air3",350,26.67,"yes",0.35,49.9
32.35,"2","Air3",400,11.04,"no",0.45,82.9
188.87,"3","Air4",325,27.89,"no",3.35,271.1
149.78,"2","Air2",300,12.96,"yes",3.54,185.3
29.91,"2","Air3",325,13.72,"no",1.05,69.4
84.75,"2","Air1",140,25.74,"yes",4.53,230.6
218.44,"1","Air2",400,5.91,"yes",5.53,222.6
142.93,"1","Air2",225,22.3,"no",3.9,291.4
193.51,"3","Air2",300,23.23,"yes",3.7,356.8
20.92,"2","Air3",180,7.17,"yes",3.43,203.2
51.52,"1","Air1",250,16.92,"yes",2.72,33
12.14,"2","Air3",250,11.21,"no",3.91,23.4
39.12,"1","Air1",200,15.31,"yes",1.45,47
42.07,"3","Air2",100,13.6,"no",3.77,260.7
55.81,"1","Air3",225,21,"no",6.8,266.5
216.66,"1","Air2",350,23.84,"no",0.24,53.9
160.85,"2","Air4",375,20.62,"no",5.3,226.6
132.96,"1","Air4",350,6.77,"no",4.12,291
10.64,"2","Air1",120,15.34,"no",2.27,51.9
39.87,"2","Air1",375,14.88,"no",3.07,174.1
84.74,"3","Air3",250,24.36,"yes",4.19,295.5
312.86,"3","Air2",600,17.28,"yes",3.27,41.9
67.3,"3","Air3",325,20.05,"yes",4.06,200.3
121.19,"1","Air4",325,11.33,"no",1.5,74.4
46.68,"2","Air1",375,2.35,"no",4.71,310
53.22,"1","Air3",400,12.31,"yes",3.53,204
92.54,"1","Air4",160,2.58,"yes",0.49,28.6
58.26,"1","Air1",200,20.43,"yes",1.48,77.7
119.14,"1","Air2",250,10.02,"no",3.17,11.6
104.06,"2","Air4",200,17.29,"yes",4.94,256.1
59.99,"1","Air1",450,17.08,"no",2.47,182.7
111.78,"1","Air4",200,21.13,"no",1.17,56.3
53.19,"2","Air1",325,17.19,"yes",0.85,64.1
37.17,"3","Air1",275,14.93,"no",4.31,236.7
177.65,"2","Air2",350,16.95,"yes",0.49,60.9
89.99,"1","Air4",120,1.24,"yes",4.6,212.1
198.23,"3","Air2",400,15.39,"no",2.84,200.8
26.71,"3","Air3",200,10,"yes",4.28,187.3
175.16,"3","Air2",300,22.4,"no",3.33,230
142.8,"2","Air4",275,22.65,"no",4.79,240.8
62.19,"1","Air1",400,6.59,"yes",4.59,284.1
134.73,"1","Air2",275,11.77,"no",3.72,21
73.64,"2","Air2",180,9.38,"no",0.27,71.3
16.25,"2","Air1",60,14.43,"yes",4.32,305.1
33.67,"2","Air4",60,10.08,"no",4.39,199.6
80.33,"2","Air1",400,20.9,"yes",3.47,337.5
77.1,"3","Air2",120,17.48,"yes",1.98,60.2
90.83,"1","Air1",500,22.85,"no",3.56,358.4
97.62,"3","Air3",600,22.53,"no",3.6,241.6
19.91,"2","Air3",300,6.93,"no",2.3,185.3
10.86,"2","Air3",140,6.74,"no",5,281.5
201.53,"1","Air2",400,11.86,"no",5.32,245.7
124.52,"1","Air4",275,16.94,"yes",2.29,39.7
79.29,"2","Air2",140,0.91,"no",4.39,13.6
165.93,"2","Air4",400,20.63,"yes",2.77,43.1
117,"3","Air3",300,29.57,"no",2.92,37.4
41.8,"2","Air1",225,16.85,"yes",6.26,250.6
104.21,"3","Air3",600,23,"no",3.8,146.4
87.03,"2","Air2",120,21.94,"no",4.06,236.5
39.04,"1","Air1",275,10.84,"yes",1.81,82.5
50.21,"2","Air1",375,1.71,"no",2.46,201.8
204.81,"2","Air4",400,24.59,"yes",4.78,207.1
108.36,"2","Air1",275,27.61,"no",5.87,251.4
93.85,"3","Air4",180,18.64,"yes",1.02,39.6
26.11,"2","Air1",250,17.59,"no",0.64,58.7
33.01,"1","Air3",300,5.3,"no",3.85,218.2
200.17,"3","Air2",375,16.88,"yes",5.73,200.1
9.68,"3","Air3",120,12.19,"yes",1.85,15.9
50.99,"2","Air1",375,15.02,"yes",0.92,39.7
226.27,"2","Air4",550,20.51,"yes",4.44,197.8
125.16,"2","Air2",250,17.71,"no",2.99,16.1
172.17,"1","Air4",325,21.91,"yes",6.7,226.5
42.13,"2","Air1",400,14.49,"no",1.56,60.8
89.07,"2","Air4",225,15.6,"no",1.26,151.7
160.87,"1","Air4",375,18.29,"no",5.26,212.9
20.74,"1","Air3",120,17.82,"no",2.32,53.4
36.75,"2","Air3",375,5.93,"no",4.08,227.5
101.61,"1","Air4",225,17.56,"no",3.72,344.6
13.94,"1","Air3",100,17.53,"no",2.21,72.9
23.46,"3","Air1",275,12.14,"no",2.39,185.6
57.57,"1","Air1",200,20.82,"yes",3.85,345.4
50.86,"3","Air1",80,22.57,"yes",1.5,73.2
37.25,"2","Air4",60,10,"yes",0.2,73
90.9,"2","Air3",120,29.8,"no",0.11,140.6
48.25,"2","Air1",500,9.71,"no",3.35,244.9
46.1,"2","Air3",300,17.78,"yes",1.31,56.5
31.37,"2","Air1",275,13.92,"yes",1.07,36
14.81,"2","Air3",200,4.62,"no",2.98,20.5
244.75,"2","Air2",250,33.14,"no",2.54,32.8
71.51,"3","Air4",120,18.38,"no",5.31,228.6
76.05,"2","Air4",180,4.15,"no",2.19,79.9
197.08,"1","Air2",400,12.97,"no",2.98,27.5
76.85,"3","Air4",140,17.2,"yes",2.25,46.1
180.33,"3","Air4",400,21.05,"yes",4.71,213.5
48.52,"3","Air3",120,23.69,"no",2.54,92.4
26.68,"1","Air1",200,4.3,"no",0.73,85.9
145.31,"3","Air4",325,18.21,"yes",4.57,271.3
78.76,"3","Air3",200,25.29,"yes",1.31,38.5
89.43,"2","Air4",250,13.36,"no",2.42,99.7
188.02,"2","Air2",375,14.5,"yes",2.53,40.1
127.46,"3","Air4",275,21.43,"no",1.91,35.8
25.07,"2","Air1",160,15.62,"yes",1.2,24.3
30.4,"3","Air1",250,11.46,"yes",2.54,13.5
47.56,"1","Air3",350,17.59,"no",1.68,19.6
73.3,"1","Air1",100,26.29,"no",0.93,60.6
57.32,"1","Air3",375,15.11,"yes",0.12,56
142.67,"3","Air3",350,31.44,"no",1.36,78.5
112.25,"2","Air4",325,9.36,"no",4.62,317.2
173.62,"1","Air4",325,23.03,"yes",2.31,76.8
74.52,"1","Air3",550,16.33,"no",4.65,232.7
46.07,"1","Air1",325,13.41,"yes",2.51,17
43.29,"1","Air3",200,15.57,"yes",5.47,279.5
68.73,"2","Air3",350,22.75,"no",5.9,277.3
174.01,"1","Air4",200,28.21,"yes",5.18,234
47.2,"1","Air1",275,16.28,"no",4.43,215
182.27,"1","Air2",350,14.56,"yes",0.95,43.8
116.63,"1","Air4",275,14.87,"yes",1.82,11.1
149.7,"3","Air1",500,29.06,"yes",3.51,205
76.3,"1","Air1",450,18.51,"yes",0.58,88.9
101.99,"2","Air4",300,12.5,"no",0.56,3
17.52,"2","Air3",250,8.61,"no",4.99,248
180.05,"1","Air2",325,3.25,"yes",2.28,34.8
141.61,"2","Air4",375,16.56,"yes",2.65,228
21.15,"2","Air3",225,17.17,"no",1.76,32.1
33.77,"1","Air3",300,8.65,"no",5.19,281
52.42,"3","Air1",500,14.4,"no",0.49,54.7
130.46,"1","Air4",275,18.21,"yes",2.93,70.1
221.42,"3","Air4",350,30.09,"no",1.57,166.5
234,"1","Air2",450,17.71,"no",1.68,73.9
12.84,"1","Air1",60,8.54,"yes",0.58,107.4
172.88,"2","Air2",375,11.55,"no",0.17,85.6
189.5,"1","Air4",325,26.94,"no",0.19,58.6
75.31,"3","Air4",180,15.03,"no",2.31,11.7
77.88,"3","Air1",375,20.1,"yes",5.35,306.4
166.97,"1","Air2",275,19.09,"yes",2.51,202.1
89.09,"3","Air4",250,9.74,"no",2.69,348.3
44.22,"3","Air3",400,7.58,"no",5.31,247.9
116.69,"2","Air4",325,9.52,"no",4.28,252.8
58.47,"1","Air1",225,21.7,"no",1.63,2
42.32,"3","Air3",80,21.42,"yes",4.02,212
172.16,"3","Air2",325,14.12,"yes",6.01,245.8
184.84,"1","Air4",350,25.51,"no",2.96,26.8
129.04,"1","Air2",225,19.61,"no",1.52,81.6
38.02,"2","Air3",300,19.15,"no",2.98,66
149.48,"3","Air4",325,21.95,"no",0.49,43.5
175.28,"1","Air2",325,15.38,"yes",2.11,351.6
31.45,"3","Air3",300,16.27,"no",3.69,19.8
18.3,"2","Air3",250,6.51,"no",0.54,32
130.08,"1","Air2",250,14,"no",4.37,257.6
234.99,"1","Air2",450,18.09,"no",1.04,38
123.56,"2","Air4",375,12.55,"no",1.84,43.9
46.4,"1","Air1",225,5.74,"yes",4.35,302.6
208.29,"3","Air4",300,29.64,"no",6.7,287.3
158.82,"1","Air4",400,18.57,"no",1.45,61.4
172.89,"1","Air4",500,13.44,"no",3.29,35.9
63.47,"1","Air1",250,22.49,"no",2.45,51.2
30.58,"1","Air4",60,8.3,"no",3.08,200.9
85.69,"2","Air4",250,9.08,"no",2.79,188.8
148.47,"1","Air4",325,17.39,"yes",5.16,257.7
104.5,"2","Air4",225,20.65,"no",0.63,58.5
135.74,"2","Air4",400,7.28,"no",1.35,36.1
56.14,"1","Air3",325,18.17,"yes",2.21,21
76.83,"2","Air2",120,19.66,"yes",1.34,63.6
44.66,"2","Air3",400,17.21,"no",4.32,2.3
40.51,"3","Air3",225,-0.25,"no",3.16,339.7
21.51,"3","Air1",180,10.76,"yes",3.17,60
24.2,"2","Air3",200,7.9,"yes",3.32,353.6
65.25,"3","Air4",80,19.13,"yes",1.04,30.7
154.45,"1","Air4",80,31.72,"no",2.96,345.4
30.01,"3","Air3",225,14.16,"yes",1.07,23.4
60.96,"1","Air3",375,2.4,"yes",1.71,115.2
51.93,"3","Air1",400,10.48,"yes",2.01,73.5
117.57,"2","Air4",300,9.34,"yes",5.88,263.8
253.24,"3","Air2",375,26.58,"yes",2.53,47.5
27.09,"1","Air1",225,12.55,"no",5.03,276.2
174.7,"2","Air2",375,13.45,"no",1.79,63.5
51.93,"1","Air1",300,15.34,"yes",2.68,12.8
59.16,"1","Air3",400,7.47,"yes",4.29,246
176.84,"1","Air2",350,6.46,"no",1.21,29.3
101.08,"3","Air4",200,17.05,"yes",4.38,288.2
149.54,"1","Air2",300,14.21,"no",0.58,69.8
140.86,"1","Air4",375,15.69,"no",0.71,33.8
133.45,"2","Air4",375,13.86,"no",1.07,67.3
31.1,"1","Air3",140,2.72,"no",5.06,235.8
28.97,"2","Air3",250,12.58,"yes",3.51,321.4
-0.88,"1","Air1",60,9.06,"no",1.68,54.1
87.73,"2","Air1",400,23.33,"yes",1.79,41.1
131.05,"2","Air2",275,15.03,"no",0.46,33.5
60.92,"2","Air3",325,19.43,"yes",5.54,271.4
156.65,"1","Air4",375,9.66,"yes",6.21,242.5
39.95,"1","Air3",300,16.57,"no",4.92,243.6
52.7,"1","Air3",400,10.66,"yes",5.34,218.3
40.15,"2","Air1",325,9.97,"yes",2.84,249.5
112.42,"1","Air4",200,20.51,"yes",0.2,62
51.41,"1","Air1",200,18.08,"yes",4.72,283.6
67.57,"3","Air3",275,23.53,"no",0.99,55
39.79,"2","Air1",325,12.96,"yes",3.2,46.5
154.79,"3","Air4",400,14.58,"yes",2.66,359.1
48.25,"3","Air3",400,13.28,"no",5.24,236.6
32.84,"1","Air3",300,8.9,"no",4.44,245.4
28.02,"3","Air3",325,10.66,"no",1.99,19
95.27,"2","Air4",250,10.88,"yes",1.11,33.9
110,"3","Air4",275,10.65,"yes",3.06,30.4
136.89,"2","Air1",325,30.46,"yes",3,0.3
76.55,"1","Air3",300,23.43,"no",1.02,73.9
161.58,"2","Air2",275,19.98,"yes",3.07,9.9
90.34,"3","Air3",250,25.51,"yes",5.26,287.4
30.23,"1","Air3",300,13.38,"no",3.79,226.4
68.76,"2","Air3",400,18.58,"yes",4.43,281.9
96.82,"2","Air2",225,12.23,"no",0.92,28.2
44,"3","Air3",350,12.75,"yes",0.77,20.3
97.98,"1","Air3",600,17.41,"yes",5.53,262.8
137.45,"2","Air2",300,8.84,"no",3.74,217.9
157.3,"3","Air4",350,20.12,"yes",2.16,34.3
78.4,"3","Air1",550,17.14,"yes",1.34,80.5
125.75,"1","Air4",325,10.63,"yes",0.37,58
34.53,"3","Air2",60,6.79,"yes",3.27,7.8
172.4,"3","Air2",350,10.78,"yes",2.61,8.6
23.89,"2","Air2",60,15.56,"no",1,160.7
100.44,"1","Air2",160,18.59,"yes",3.41,28.4
33.21,"1","Air1",200,10.61,"yes",4.31,221.9
289.01,"1","Air2",500,19.85,"yes",4.84,243.2
271.1,"3","Air2",350,29.36,"yes",2.4,34.3
171.48,"2","Air2",350,16.63,"no",2.29,10.7
169.99,"2","Air2",350,10.4,"yes",2.66,21.8
20.2,"3","Air3",200,12.67,"yes",1.5,88.5
46.94,"1","Air3",100,20.6,"yes",1.02,50
121.99,"3","Air2",250,6.38,"no",0.77,36
194.69,"1","Air2",325,22.33,"no",0.41,29.8
88.57,"2","Air3",600,17.57,"yes",6.54,245.2
110.42,"2","Air4",300,15.77,"no",2.78,8.5
26.77,"2","Air1",275,4.33,"no",1.79,51.1
136.88,"1","Air2",275,13.61,"no",3.2,182
77.52,"1","Air1",275,23.52,"no",4.59,221.1
95.86,"3","Air4",275,6.56,"no",1.11,16.7
19.39,"2","Air3",275,8.61,"no",3.58,4.3
144.66,"3","Air4",350,18.77,"no",5.68,276.7
163.21,"1","Air1",350,31.19,"yes",1.38,49.3
65.06,"2","Air2",140,9.33,"no",5.78,277
137.95,"3","Air4",400,13.19,"no",5.3,266.8
60.18,"3","Air4",140,11.03,"no",4.35,232.4
47.8,"3","Air3",400,8.95,"yes",3.86,162.4
95.69,"2","Air1",350,26.23,"no",1.41,56.3
150.68,"2","Air2",325,10.99,"no",1.44,104.8
168.63,"2","Air2",325,17.33,"no",4.17,301.5
50.17,"2","Air3",275,16.82,"yes",4.29,253.6
138.16,"2","Air4",400,11.44,"yes",2.77,60.6
133.64,"3","Air4",225,22.85,"yes",4.01,198
111.85,"3","Air4",300,7.15,"yes",0.8,73.2
151.19,"1","Air2",275,16.29,"no",4.99,237.7
25.77,"1","Air3",200,10.65,"yes",3.96,174.4
52.83,"1","Air1",225,20.75,"no",3.94,254.1
46.4,"2","Air4",120,13.95,"no",2.5,41.3
28.57,"1","Air3",140,15.16,"yes",1.64,5.4
130.79,"1","Air4",350,12.58,"no",1.32,81.4
113.08,"1","Air1",375,25.21,"yes",3.89,210.5
186.84,"1","Air2",375,15.47,"no",2.59,99.6
235.32,"3","Air2",500,9.45,"no",2.64,25.8
193.48,"2","Air2",375,17.25,"no",4.65,263.1
164.06,"1","Air4",400,17.37,"yes",0.96,81
73.09,"1","Air2",120,17.19,"no",5.3,221
92.27,"3","Air4",200,19.08,"no",3.49,151.1
141.81,"2","Air4",375,18.11,"no",2.4,63.8
58.7,"1","Air1",200,21.56,"no",4.16,210.4
161.63,"1","Air2",250,21.66,"yes",2.4,135.7
58.14,"2","Air1",300,20.71,"no",4.53,1.6
38.06,"2","Air1",60,-1.84,"no",2.33,65.6
195.01,"3","Air2",400,6,"no",2.66,24.4
29.04,"2","Air3",300,14.1,"no",1.55,50.1
117.13,"2","Air4",275,15.67,"yes",1.12,39.5
135.18,"2","Air3",375,28.7,"yes",4.58,328.4
-5.11,"2","Air3",100,8.72,"no",0.88,100.9
38.91,"1","Air2",60,13.84,"yes",1.16,17.6
127.85,"2","Air2",225,18.83,"yes",1.9,34.3
176.76,"3","Air4",500,13.22,"no",4.51,359
45.16,"3","Air3",400,15.43,"no",3.99,239.7
224.65,"3","Air2",350,24.19,"yes",2.67,152
118.18,"3","Air2",225,15.62,"yes",2.28,16.1
108.57,"1","Air1",100,29.15,"yes",3.32,237.6
25.69,"3","Air2",60,14.37,"no",2.23,5.8
157.18,"2","Air4",350,22.97,"no",1.93,47.6
111.4,"2","Air4",200,22.29,"yes",2.56,24.6
80.89,"3","Air2",100,23.03,"no",0.94,59.8
89.23,"1","Air1",160,27.13,"no",0.67,95.4
138.4,"1","Air2",225,21.28,"no",1.32,56.7
71.51,"3","Air1",375,21.45,"no",2.67,51.2
101.6,"1","Air3",350,26.32,"no",1.77,29.2
97.21,"1","Air4",200,16.35,"yes",2.82,58.1
130.04,"2","Air2",200,22.44,"no",5.63,204.8
47.09,"3","Air2",100,16.73,"no",1.34,61.9
127.58,"3","Air4",325,18.05,"no",2.77,208
140.96,"3","Air2",200,23.34,"yes",0.26,43.9
186.21,"3","Air4",400,21.61,"yes",4.49,289.3
244.23,"3","Air2",375,25.76,"yes",3.74,359.6
90.06,"2","Air1",600,20.34,"no",0.69,39.9
57.75,"2","Air3",375,17.75,"yes",3.57,19.7
64.4,"3","Air1",400,16.75,"yes",4.72,276.4
31.43,"2","Air1",275,17.34,"no",3.28,12
219.56,"1","Air2",250,28.8,"yes",1.77,49.6
45.33,"3","Air3",400,11.16,"no",4.91,247.6
337.33,"2","Air2",600,24.63,"no",1.41,30.4
29.59,"3","Air3",250,16.95,"no",3.65,273.1
71.73,"3","Air1",300,20.92,"yes",2.99,27.8
285.64,"2","Air2",550,15.22,"yes",5.61,236.2
180.07,"1","Air2",375,12.91,"no",3.55,313.3
54.61,"1","Air1",275,2.33,"yes",0.48,121.3
85.26,"2","Air4",140,17.6,"yes",5.25,295.3
30.66,"3","Air3",200,16.26,"yes",2.04,12.8
87.04,"1","Air1",500,17.93,"yes",3.37,42.6
159.51,"1","Air2",250,22.56,"no",0.26,65.6
86.93,"2","Air4",200,12.61,"yes",0.47,96.2
183.68,"3","Air4",400,24.27,"no",3.48,322.2
30.11,"1","Air1",160,14.95,"yes",3.78,243
165.64,"1","Air4",300,23.64,"yes",0.79,57.7
139.19,"2","Air4",400,16.31,"no",2.78,21.4
230.83,"3","Air2",325,26.31,"yes",0.71,85.4
117.29,"2","Air4",250,-0.04,"no",5.92,266.5
97.6,"3","Air1",350,25.5,"no",4.33,296.3
94.39,"2","Air1",400,23.83,"yes",2.12,32.9
175.51,"1","Air2",300,20.04,"yes",1.54,11.7
28.19,"2","Air3",200,19.4,"no",1.83,146
127.21,"3","Air2",250,17.73,"no",1.29,39.2
154.3,"2","Air2",250,23.23,"no",0.73,46.4
157.22,"1","Air4",375,15.16,"yes",4.61,256.1
69.62,"2","Air3",400,22.58,"no",2.72,41.4
35.98,"2","Air3",225,20.68,"no",2.32,168.2
146.3,"1","Air2",275,8.76,"yes",6.14,271.2
43.45,"3","Air3",325,3.4,"no",4.7,275.4
139.11,"2","Air2",200,23.11,"yes",0.74,106.5
202.9,"2","Air2",400,8.21,"yes",4.36,345.8
124.96,"1","Air2",225,19.06,"no",1.09,48.9
18.4,"3","Air1",225,12.67,"no",1.36,67.3
156.07,"3","Air4",375,16.58,"yes",4.69,265.4
25.56,"3","Air1",160,5.8,"yes",0.48,34
19.13,"1","Air3",120,14.11,"yes",1.75,40.2
34.71,"2","Air1",120,18.01,"yes",4.29,347.2
6.07,"2","Air3",60,18.75,"no",1.99,60.1
87.08,"2","Air4",200,15.76,"yes",2.65,41.8
37.68,"3","Air1",300,12.19,"yes",0.48,66.1
158.06,"2","Air4",350,22.42,"no",2.3,86.6
121.61,"1","Air3",400,28.23,"no",1.61,46.7
94.29,"2","Air2",140,22.2,"no",2.47,68.1
105.92,"2","Air2",225,8.94,"no",5.05,359.8
28.5,"2","Air3",250,8.5,"yes",1.99,215
76.71,"2","Air4",225,10.19,"no",3.09,49.7
89.95,"2","Air3",200,27.09,"yes",3.95,98.7
87.47,"3","Air2",160,7.3,"yes",4.33,332.9
72.73,"3","Air3",375,21.29,"yes",1.72,83.4
102.43,"2","Air2",200,11.1,"yes",5,221.8
141.91,"1","Air4",300,19.55,"yes",2.87,21.9
94.12,"3","Air3",375,23.69,"yes",3.71,245.5
146.27,"2","Air2",300,7.07,"yes",0.93,55.4
219.9,"3","Air2",250,30.74,"no",2.05,165.9
208.19,"3","Air2",350,21.58,"yes",1.58,158.7
153.73,"3","Air4",450,12.85,"no",1.99,51.1
129.99,"1","Air2",250,10.45,"yes",0.77,38.9
132.4,"2","Air2",250,19.74,"no",0.66,71.5
193.07,"3","Air2",350,20.99,"no",2.41,36.1
246.69,"1","Air2",400,-1.79,"yes",2.44,13.6
70.43,"3","Air4",140,7.74,"yes",3.91,163.1
71.88,"2","Air1",225,22.87,"yes",4.35,52.2
109.94,"2","Air4",225,21.64,"no",2.35,18.5
242.97,"1","Air2",250,32.09,"no",0.93,47.7
177.41,"1","Air2",140,29.68,"yes",4.92,239.7
41.97,"3","Air3",225,18.36,"yes",1.6,67.1
197.93,"1","Air2",375,16.56,"no",2.39,32.4
36.51,"3","Air1",200,19.91,"no",0.75,16.2
74.29,"1","Air1",225,22.35,"yes",0.63,97.8
165.55,"2","Air2",275,19.73,"yes",5.58,236
31.87,"2","Air1",300,7.83,"yes",3.81,1.5
99.77,"3","Air4",225,12.76,"yes",5.33,293.4
89.86,"2","Air2",140,19.29,"yes",0.88,29.5
61.91,"1","Air3",250,21.82,"no",4.06,348.6
151.67,"2","Air4",400,8.26,"yes",5.1,263
27.17,"1","Air1",200,8.35,"no",2.56,19.1
41.78,"2","Air3",400,14.73,"no",4.17,243.3
181.34,"1","Air2",375,14.02,"no",2.82,32
201.41,"3","Air2",400,12.33,"yes",1.25,42.1
29.06,"2","Air1",225,15.01,"yes",0.7,81.8
132.18,"1","Air4",300,11.22,"yes",4.82,284.2
196.64,"3","Air2",375,12.31,"yes",5.79,275.9
31.13,"2","Air1",375,12.63,"no",1.67,31.6
44.2,"2","Air1",325,11.42,"yes",5.99,284.2
200.76,"2","Air4",400,25.93,"no",1.02,40.2
150.64,"1","Air4",375,14.89,"yes",1.68,42.7
141.69,"2","Air2",300,15.15,"no",1.76,41.1
199.46,"1","Air2",225,28.04,"yes",2.52,61
56.54,"1","Air1",450,15.26,"no",1.89,23
16.25,"1","Air3",80,12.36,"yes",5,330.5
124.74,"2","Air4",200,22.62,"yes",4.84,234.4
149.59,"2","Air2",275,18.06,"yes",3.6,16.3
135.51,"3","Air4",400,12.91,"no",2.35,52.7
159.2,"2","Air2",300,1.09,"no",5.98,240
41.56,"3","Air3",160,19.52,"yes",4.02,259.2
46.91,"3","Air1",375,16.2,"no",2.11,32.1
194.47,"1","Air2",120,32.58,"no",7.26,282.2
45.9,"1","Air3",350,14.52,"no",5.16,264.2
15.55,"3","Air1",60,1.88,"no",4.45,335.3
104.61,"2","Air3",275,27,"yes",1.19,113.6
32.06,"3","Air1",60,20.84,"no",6.86,258.5
58.24,"3","Air1",180,21.43,"yes",4.48,9.4
23.92,"1","Air1",80,12.89,"yes",2.53,8.2
37.56,"3","Air1",275,17.03,"no",0.36,61.7
205.39,"2","Air3",350,36.25,"yes",0.92,116.5
169.26,"1","Air2",325,11.22,"yes",3.9,253.8
61.64,"3","Air1",275,20.32,"yes",2.21,39.7
74.21,"2","Air4",100,20.31,"yes",1.91,41.3
161.54,"3","Air2",350,11.48,"no",3.64,348.3
149.62,"2","Air4",350,18.26,"yes",2.29,48.7
121.11,"2","Air4",325,13.18,"yes",2.25,43.8
148.8,"3","Air4",325,22.02,"no",1.04,40.3
43.81,"3","Air3",375,16.38,"no",0.82,29
54.03,"1","Air3",200,22.83,"no",1.21,97.3
38.15,"3","Air3",400,14.08,"no",3.64,6.2
18.93,"2","Air3",275,5.37,"no",2.71,170.8
97.1,"1","Air4",200,16.06,"yes",1.78,34.4
56.05,"1","Air3",375,15.42,"yes",2.99,232.3
41.83,"3","Air3",375,10.65,"yes",2.41,103.7
121.92,"3","Air1",375,26.95,"yes",2.21,104.2
90.4,"3","Air4",200,16.06,"no",5.75,191
16.67,"1","Air3",60,13.25,"yes",4.23,287.1
86.03,"2","Air2",200,14.96,"no",1.13,76.6
